{
  "auc": 0.9991161895843834,
  "pr_auc": 0.999610890578859,
  "accuracy": 0.9898035023928545,
  "precision": 0.996721140290082,
  "recall": 0.9880090220922964,
  "f1": 0.9923459599512013,
  "fpr": 0.0065694264605072735,
  "fnr": 0.011990977907703624,
  "confusion_matrix": {
    "tn": 4121509,
    "fp": 27255,
    "fn": 100552,
    "tp": 8285086
  }
}